1	0:00	16:9 widescreen, intentionally bad amateur MS Paint drawing, simple childish stick-figure style, wobbly hand-drawn thick uneven black outlines, flat solid colors only, completely white background, mostly empty space, centered composition, dot eyes, round heads, straight-line stick bodies, basic squares and circles, crude hand-lettered labels, zero shading, zero 3D, zero cinematic lighting. Scene: a single stick figure holding a phone, a big button on the phone screen reads SIGN UP
2	0:03	16:9 widescreen, intentionally bad amateur MS Paint drawing, simple childish stick-figure style, wobbly hand-drawn thick uneven black outlines, flat solid colors only, completely white background, mostly empty space, centered composition, dot eyes, round heads, straight-line stick bodies, basic squares and circles, crude hand-lettered labels, zero shading, zero 3D, zero cinematic lighting. Scene: a big thumb tapping a phone, a small clock showing 30s, a tiny square labeled PAY
3	0:07	16:9 widescreen, intentionally bad amateur MS Paint drawing, simple childish stick-figure style, wobbly hand-drawn thick uneven black outlines, flat solid colors only, completely white background, mostly empty space, centered composition, dot eyes, round heads, straight-line stick bodies, basic squares and circles, crude hand-lettered labels, zero shading, zero 3D, zero cinematic lighting. Scene: a confused stick figure standing in front of a closed door
4	0:08	16:9 widescreen, intentionally bad amateur MS Paint drawing, simple childish stick-figure style, wobbly hand-drawn thick uneven black outlines, flat solid colors only, completely white background, mostly empty space, centered composition, dot eyes, round heads, straight-line stick bodies, basic squares and circles, crude hand-lettered labels, zero shading, zero 3D, zero cinematic lighting. Scene: a phone screen with a magnifying glass over it, no cancel button, a shrugging stick figure
5	0:10	16:9 widescreen, intentionally bad amateur MS Paint drawing, simple childish stick-figure style, wobbly hand-drawn thick uneven black outlines, flat solid colors only, completely white background, mostly empty space, centered composition, dot eyes, round heads, straight-line stick bodies, basic squares and circles, crude hand-lettered labels, zero shading, zero 3D, zero cinematic lighting. Scene: a boxy desktop computer with a dropdown menu labeled MANAGE
6	0:14	16:9 widescreen, intentionally bad amateur MS Paint drawing, simple childish stick-figure style, wobbly hand-drawn thick uneven black outlines, flat solid colors only, completely white background, mostly empty space, centered composition, dot eyes, round heads, straight-line stick bodies, basic squares and circles, crude hand-lettered labels, zero shading, zero 3D, zero cinematic lighting. Scene: a menu box labeled SETTINGS nested inside a bigger box, a small chat speech-bubble window beside it
7	0:17	16:9 widescreen, intentionally bad amateur MS Paint drawing, simple childish stick-figure style, wobbly hand-drawn thick uneven black outlines, flat solid colors only, completely white background, mostly empty space, centered composition, dot eyes, round heads, straight-line stick bodies, basic squares and circles, crude hand-lettered labels, zero shading, zero 3D, zero cinematic lighting. Scene: a price tag labeled DISCOUNT next to three stacked pop-up boxes each reading ARE YOU SURE
8	0:21	16:9 widescreen, intentionally bad amateur MS Paint drawing, simple childish stick-figure style, wobbly hand-drawn thick uneven black outlines, flat solid colors only, completely white background, mostly empty space, centered composition, dot eyes, round heads, straight-line stick bodies, basic squares and circles, crude hand-lettered labels, zero shading, zero 3D, zero cinematic lighting. Scene: two clocks side by side, left labeled 30 SEC, right labeled 30 MIN
9	0:25	16:9 widescreen, intentionally bad amateur MS Paint drawing, simple childish stick-figure style, wobbly hand-drawn thick uneven black outlines, flat solid colors only, completely white background, mostly empty space, centered composition, dot eyes, round heads, straight-line stick bodies, basic squares and circles, crude hand-lettered labels, zero shading, zero 3D, zero cinematic lighting. Scene: a stick figure with a giant question mark floating over its head
10	0:27	16:9 widescreen, intentionally bad amateur MS Paint drawing, simple childish stick-figure style, wobbly hand-drawn thick uneven black outlines, flat solid colors only, completely white background, mostly empty space, centered composition, dot eyes, round heads, straight-line stick bodies, basic squares and circles, crude hand-lettered labels, zero shading, zero 3D, zero cinematic lighting. Scene: a stick figure scratching its head next to a crossed-out devil face
11	0:30	16:9 widescreen, intentionally bad amateur MS Paint drawing, simple childish stick-figure style, wobbly hand-drawn thick uneven black outlines, flat solid colors only, completely white background, mostly empty space, centered composition, dot eyes, round heads, straight-line stick bodies, basic squares and circles, crude hand-lettered labels, zero shading, zero 3D, zero cinematic lighting. Scene: a simple square maze with a big number 3 beside it
12	0:32	16:9 widescreen, intentionally bad amateur MS Paint drawing, simple childish stick-figure style, wobbly hand-drawn thick uneven black outlines, flat solid colors only, completely white background, mostly empty space, centered composition, dot eyes, round heads, straight-line stick bodies, basic squares and circles, crude hand-lettered labels, zero shading, zero 3D, zero cinematic lighting. Scene: a maze with numbers 1 2 3, the 3 circled, a finger pointing at it
13	0:35	16:9 widescreen, intentionally bad amateur MS Paint drawing, simple childish stick-figure style, wobbly hand-drawn thick uneven black outlines, flat solid colors only, completely white background, mostly empty space, centered composition, dot eyes, round heads, straight-line stick bodies, basic squares and circles, crude hand-lettered labels, zero shading, zero 3D, zero cinematic lighting. Scene: a price tag reading SOLD with the words BY DESIGN under it
14	0:37	16:9 widescreen, intentionally bad amateur MS Paint drawing, simple childish stick-figure style, wobbly hand-drawn thick uneven black outlines, flat solid colors only, completely white background, mostly empty space, centered composition, dot eyes, round heads, straight-line stick bodies, basic squares and circles, crude hand-lettered labels, zero shading, zero 3D, zero cinematic lighting. Scene: a stick figure holding a shopping bag with a dollar-sign thought bubble
15	0:38	16:9 widescreen, intentionally bad amateur MS Paint drawing, simple childish stick-figure style, wobbly hand-drawn thick uneven black outlines, flat solid colors only, completely white background, mostly empty space, centered composition, dot eyes, round heads, straight-line stick bodies, basic squares and circles, crude hand-lettered labels, zero shading, zero 3D, zero cinematic lighting. Scene: on the left a supermarket shelf with cans, on the right a paper reading $1,000,000
16	0:41	16:9 widescreen, intentionally bad amateur MS Paint drawing, simple childish stick-figure style, wobbly hand-drawn thick uneven black outlines, flat solid colors only, completely white background, mostly empty space, centered composition, dot eyes, round heads, straight-line stick bodies, basic squares and circles, crude hand-lettered labels, zero shading, zero 3D, zero cinematic lighting. Scene: a very long receipt next to a stick figure with one hand raised swearing an oath
17	0:45	16:9 widescreen, intentionally bad amateur MS Paint drawing, simple childish stick-figure style, wobbly hand-drawn thick uneven black outlines, flat solid colors only, completely white background, mostly empty space, centered composition, dot eyes, round heads, straight-line stick bodies, basic squares and circles, crude hand-lettered labels, zero shading, zero 3D, zero cinematic lighting. Scene: a cardboard delivery box labeled PRIME
18	0:46	16:9 widescreen, intentionally bad amateur MS Paint drawing, simple childish stick-figure style, wobbly hand-drawn thick uneven black outlines, flat solid colors only, completely white background, mostly empty space, centered composition, dot eyes, round heads, straight-line stick bodies, basic squares and circles, crude hand-lettered labels, zero shading, zero 3D, zero cinematic lighting. Scene: one finger pressing a button labeled JOIN, small text 1 CLICK
19	0:48	16:9 widescreen, intentionally bad amateur MS Paint drawing, simple childish stick-figure style, wobbly hand-drawn thick uneven black outlines, flat solid colors only, completely white background, mostly empty space, centered composition, dot eyes, round heads, straight-line stick bodies, basic squares and circles, crude hand-lettered labels, zero shading, zero 3D, zero cinematic lighting. Scene: a stack of papers labeled 4 PAGES with many little cursor arrows around it
20	0:51	16:9 widescreen, intentionally bad amateur MS Paint drawing, simple childish stick-figure style, wobbly hand-drawn thick uneven black outlines, flat solid colors only, completely white background, mostly empty space, centered composition, dot eyes, round heads, straight-line stick bodies, basic squares and circles, crude hand-lettered labels, zero shading, zero 3D, zero cinematic lighting. Scene: two tags floating, one reads DISCOUNT the other reads BENEFITS
21	0:53	16:9 widescreen, intentionally bad amateur MS Paint drawing, simple childish stick-figure style, wobbly hand-drawn thick uneven black outlines, flat solid colors only, completely white background, mostly empty space, centered composition, dot eyes, round heads, straight-line stick bodies, basic squares and circles, crude hand-lettered labels, zero shading, zero 3D, zero cinematic lighting. Scene: a pop-up box reading ARE YOU SURE with an annoyed stick figure beside it
22	0:54	16:9 widescreen, intentionally bad amateur MS Paint drawing, simple childish stick-figure style, wobbly hand-drawn thick uneven black outlines, flat solid colors only, completely white background, mostly empty space, centered composition, dot eyes, round heads, straight-line stick bodies, basic squares and circles, crude hand-lettered labels, zero shading, zero 3D, zero cinematic lighting. Scene: a stick figure pointing away with a small sign reading NOT MY COUNT
23	0:55	16:9 widescreen, intentionally bad amateur MS Paint drawing, simple childish stick-figure style, wobbly hand-drawn thick uneven black outlines, flat solid colors only, completely white background, mostly empty space, centered composition, dot eyes, round heads, straight-line stick bodies, basic squares and circles, crude hand-lettered labels, zero shading, zero 3D, zero cinematic lighting. Scene: a stick figure official holding a gavel, a badge labeled FTC
24	0:59	16:9 widescreen, intentionally bad amateur MS Paint drawing, simple childish stick-figure style, wobbly hand-drawn thick uneven black outlines, flat solid colors only, completely white background, mostly empty space, centered composition, dot eyes, round heads, straight-line stick bodies, basic squares and circles, crude hand-lettered labels, zero shading, zero 3D, zero cinematic lighting. Scene: stick figure workers around a whiteboard with a messy flow chart
25	1:02	16:9 widescreen, intentionally bad amateur MS Paint drawing, simple childish stick-figure style, wobbly hand-drawn thick uneven black outlines, flat solid colors only, completely white background, mostly empty space, centered composition, dot eyes, round heads, straight-line stick bodies, basic squares and circles, crude hand-lettered labels, zero shading, zero 3D, zero cinematic lighting. Scene: an unrolled scroll labeled THE ILIAD and a stick figure wearing a Greek helmet
26	1:04	16:9 widescreen, intentionally bad amateur MS Paint drawing, simple childish stick-figure style, wobbly hand-drawn thick uneven black outlines, flat solid colors only, completely white background, mostly empty space, centered composition, dot eyes, round heads, straight-line stick bodies, basic squares and circles, crude hand-lettered labels, zero shading, zero 3D, zero cinematic lighting. Scene: a long winding path with a flag at the end and a sign reading 10 YEARS
27	1:07	16:9 widescreen, intentionally bad amateur MS Paint drawing, simple childish stick-figure style, wobbly hand-drawn thick uneven black outlines, flat solid colors only, completely white background, mostly empty space, centered composition, dot eyes, round heads, straight-line stick bodies, basic squares and circles, crude hand-lettered labels, zero shading, zero 3D, zero cinematic lighting. Scene: a stick figure with a hand on its chin and a thought bubble
28	1:08	16:9 widescreen, intentionally bad amateur MS Paint drawing, simple childish stick-figure style, wobbly hand-drawn thick uneven black outlines, flat solid colors only, completely white background, mostly empty space, centered composition, dot eyes, round heads, straight-line stick bodies, basic squares and circles, crude hand-lettered labels, zero shading, zero 3D, zero cinematic lighting. Scene: a hand with a pen writing a name tag that reads THE ILIAD
29	1:10	16:9 widescreen, intentionally bad amateur MS Paint drawing, simple childish stick-figure style, wobbly hand-drawn thick uneven black outlines, flat solid colors only, completely white background, mostly empty space, centered composition, dot eyes, round heads, straight-line stick bodies, basic squares and circles, crude hand-lettered labels, zero shading, zero 3D, zero cinematic lighting. Scene: a flow chart with a name tag reading CODE NAME and the word ACCIDENT crossed out
30	1:14	16:9 widescreen, intentionally bad amateur MS Paint drawing, simple childish stick-figure style, wobbly hand-drawn thick uneven black outlines, flat solid colors only, completely white background, mostly empty space, centered composition, dot eyes, round heads, straight-line stick bodies, basic squares and circles, crude hand-lettered labels, zero shading, zero 3D, zero cinematic lighting. Scene: a big finger pointing at a simple chart
31	1:15	16:9 widescreen, intentionally bad amateur MS Paint drawing, simple childish stick-figure style, wobbly hand-drawn thick uneven black outlines, flat solid colors only, completely white background, mostly empty space, centered composition, dot eyes, round heads, straight-line stick bodies, basic squares and circles, crude hand-lettered labels, zero shading, zero 3D, zero cinematic lighting. Scene: a bar chart with an arrow going down, labels 2017 and minus 14%
32	1:19	16:9 widescreen, intentionally bad amateur MS Paint drawing, simple childish stick-figure style, wobbly hand-drawn thick uneven black outlines, flat solid colors only, completely white background, mostly empty space, centered composition, dot eyes, round heads, straight-line stick bodies, basic squares and circles, crude hand-lettered labels, zero shading, zero 3D, zero cinematic lighting. Scene: a stick figure with a flat neutral mouth next to a crossed-out smiley face
33	1:22	16:9 widescreen, intentionally bad amateur MS Paint drawing, simple childish stick-figure style, wobbly hand-drawn thick uneven black outlines, flat solid colors only, completely white background, mostly empty space, centered composition, dot eyes, round heads, straight-line stick bodies, basic squares and circles, crude hand-lettered labels, zero shading, zero 3D, zero cinematic lighting. Scene: several stick figures stuck behind a fence with one tiny gap
34	1:24	16:9 widescreen, intentionally bad amateur MS Paint drawing, simple childish stick-figure style, wobbly hand-drawn thick uneven black outlines, flat solid colors only, completely white background, mostly empty space, centered composition, dot eyes, round heads, straight-line stick bodies, basic squares and circles, crude hand-lettered labels, zero shading, zero 3D, zero cinematic lighting. Scene: a calendar page reading JUNE 2023 next to a gavel
35	1:27	16:9 widescreen, intentionally bad amateur MS Paint drawing, simple childish stick-figure style, wobbly hand-drawn thick uneven black outlines, flat solid colors only, completely white background, mostly empty space, centered composition, dot eyes, round heads, straight-line stick bodies, basic squares and circles, crude hand-lettered labels, zero shading, zero 3D, zero cinematic lighting. Scene: a calendar reading SEPT 2025 and two stick figures shaking hands, sign reads SETTLED
36	1:32	16:9 widescreen, intentionally bad amateur MS Paint drawing, simple childish stick-figure style, wobbly hand-drawn thick uneven black outlines, flat solid colors only, completely white background, mostly empty space, centered composition, dot eyes, round heads, straight-line stick bodies, basic squares and circles, crude hand-lettered labels, zero shading, zero 3D, zero cinematic lighting. Scene: a big money bag with a dollar sign labeled $2.5 BILLION
37	1:33	16:9 widescreen, intentionally bad amateur MS Paint drawing, simple childish stick-figure style, wobbly hand-drawn thick uneven black outlines, flat solid colors only, completely white background, mostly empty space, centered composition, dot eyes, round heads, straight-line stick bodies, basic squares and circles, crude hand-lettered labels, zero shading, zero 3D, zero cinematic lighting. Scene: a money bag labeled $1B with a small sign reading PENALTY
38	1:35	16:9 widescreen, intentionally bad amateur MS Paint drawing, simple childish stick-figure style, wobbly hand-drawn thick uneven black outlines, flat solid colors only, completely white background, mostly empty space, centered composition, dot eyes, round heads, straight-line stick bodies, basic squares and circles, crude hand-lettered labels, zero shading, zero 3D, zero cinematic lighting. Scene: money with an arrow pointing to a crowd of tiny stick figures, labels $1.5B and 35M
39	1:38	16:9 widescreen, intentionally bad amateur MS Paint drawing, simple childish stick-figure style, wobbly hand-drawn thick uneven black outlines, flat solid colors only, completely white background, mostly empty space, centered composition, dot eyes, round heads, straight-line stick bodies, basic squares and circles, crude hand-lettered labels, zero shading, zero 3D, zero cinematic lighting. Scene: a document with a big stamp reading ORDER
40	1:41	16:9 widescreen, intentionally bad amateur MS Paint drawing, simple childish stick-figure style, wobbly hand-drawn thick uneven black outlines, flat solid colors only, completely white background, mostly empty space, centered composition, dot eyes, round heads, straight-line stick bodies, basic squares and circles, crude hand-lettered labels, zero shading, zero 3D, zero cinematic lighting. Scene: one large clean button in the center labeled NO
41	1:42	16:9 widescreen, intentionally bad amateur MS Paint drawing, simple childish stick-figure style, wobbly hand-drawn thick uneven black outlines, flat solid colors only, completely white background, mostly empty space, centered composition, dot eyes, round heads, straight-line stick bodies, basic squares and circles, crude hand-lettered labels, zero shading, zero 3D, zero cinematic lighting. Scene: a phone screen with a thumbs up and a label SOCIAL
42	1:45	16:9 widescreen, intentionally bad amateur MS Paint drawing, simple childish stick-figure style, wobbly hand-drawn thick uneven black outlines, flat solid colors only, completely white background, mostly empty space, centered composition, dot eyes, round heads, straight-line stick bodies, basic squares and circles, crude hand-lettered labels, zero shading, zero 3D, zero cinematic lighting. Scene: a screen with a button reading DEACTIVATE and a question mark
43	1:47	16:9 widescreen, intentionally bad amateur MS Paint drawing, simple childish stick-figure style, wobbly hand-drawn thick uneven black outlines, flat solid colors only, completely white background, mostly empty space, centered composition, dot eyes, round heads, straight-line stick bodies, basic squares and circles, crude hand-lettered labels, zero shading, zero 3D, zero cinematic lighting. Scene: a screen showing three little photo frames each with a tiny stick-figure face
44	1:49	16:9 widescreen, intentionally bad amateur MS Paint drawing, simple childish stick-figure style, wobbly hand-drawn thick uneven black outlines, flat solid colors only, completely white background, mostly empty space, centered composition, dot eyes, round heads, straight-line stick bodies, basic squares and circles, crude hand-lettered labels, zero shading, zero 3D, zero cinematic lighting. Scene: a sad stick figure with a speech bubble reading WILL MISS YOU
45	1:50	16:9 widescreen, intentionally bad amateur MS Paint drawing, simple childish stick-figure style, wobbly hand-drawn thick uneven black outlines, flat solid colors only, completely white background, mostly empty space, centered composition, dot eyes, round heads, straight-line stick bodies, basic squares and circles, crude hand-lettered labels, zero shading, zero 3D, zero cinematic lighting. Scene: one stick figure whispering into another stick figure's ear, small label PERSUASION
46	1:53	16:9 widescreen, intentionally bad amateur MS Paint drawing, simple childish stick-figure style, wobbly hand-drawn thick uneven black outlines, flat solid colors only, completely white background, mostly empty space, centered composition, dot eyes, round heads, straight-line stick bodies, basic squares and circles, crude hand-lettered labels, zero shading, zero 3D, zero cinematic lighting. Scene: a stick figure lifting a dumbbell next to a book labeled PLAYBOOK
47	1:55	16:9 widescreen, intentionally bad amateur MS Paint drawing, simple childish stick-figure style, wobbly hand-drawn thick uneven black outlines, flat solid colors only, completely white background, mostly empty space, centered composition, dot eyes, round heads, straight-line stick bodies, basic squares and circles, crude hand-lettered labels, zero shading, zero 3D, zero cinematic lighting. Scene: a dumbbell with a big number 2 and two arrows
48	1:59	16:9 widescreen, intentionally bad amateur MS Paint drawing, simple childish stick-figure style, wobbly hand-drawn thick uneven black outlines, flat solid colors only, completely white background, mostly empty space, centered composition, dot eyes, round heads, straight-line stick bodies, basic squares and circles, crude hand-lettered labels, zero shading, zero 3D, zero cinematic lighting. Scene: a stick figure walking through the door of a building labeled GYM
49	2:03	16:9 widescreen, intentionally bad amateur MS Paint drawing, simple childish stick-figure style, wobbly hand-drawn thick uneven black outlines, flat solid colors only, completely white background, mostly empty space, centered composition, dot eyes, round heads, straight-line stick bodies, basic squares and circles, crude hand-lettered labels, zero shading, zero 3D, zero cinematic lighting. Scene: a hand dropping an envelope with a stamp into a mailbox
50	2:04	16:9 widescreen, intentionally bad amateur MS Paint drawing, simple childish stick-figure style, wobbly hand-drawn thick uneven black outlines, flat solid colors only, completely white background, mostly empty space, centered composition, dot eyes, round heads, straight-line stick bodies, basic squares and circles, crude hand-lettered labels, zero shading, zero 3D, zero cinematic lighting. Scene: on the left a phone with one tap, on the right a postage stamp, an arrow between
51	2:08	16:9 widescreen, intentionally bad amateur MS Paint drawing, simple childish stick-figure style, wobbly hand-drawn thick uneven black outlines, flat solid colors only, completely white background, mostly empty space, centered composition, dot eyes, round heads, straight-line stick bodies, basic squares and circles, crude hand-lettered labels, zero shading, zero 3D, zero cinematic lighting. Scene: a stick figure official writing on a paper labeled RULE
52	2:11	16:9 widescreen, intentionally bad amateur MS Paint drawing, simple childish stick-figure style, wobbly hand-drawn thick uneven black outlines, flat solid colors only, completely white background, mostly empty space, centered composition, dot eyes, round heads, straight-line stick bodies, basic squares and circles, crude hand-lettered labels, zero shading, zero 3D, zero cinematic lighting. Scene: a single speech bubble with a big number 1 inside
53	2:13	16:9 widescreen, intentionally bad amateur MS Paint drawing, simple childish stick-figure style, wobbly hand-drawn thick uneven black outlines, flat solid colors only, completely white background, mostly empty space, centered composition, dot eyes, round heads, straight-line stick bodies, basic squares and circles, crude hand-lettered labels, zero shading, zero 3D, zero cinematic lighting. Scene: a balance scale, left pan labeled CANCEL, right pan labeled SIGN UP, perfectly level
54	2:15	16:9 widescreen, intentionally bad amateur MS Paint drawing, simple childish stick-figure style, wobbly hand-drawn thick uneven black outlines, flat solid colors only, completely white background, mostly empty space, centered composition, dot eyes, round heads, straight-line stick bodies, basic squares and circles, crude hand-lettered labels, zero shading, zero 3D, zero cinematic lighting. Scene: a gavel knocking a paper into a trash can, small sign reading 6 DAYS
55	2:19	16:9 widescreen, intentionally bad amateur MS Paint drawing, simple childish stick-figure style, wobbly hand-drawn thick uneven black outlines, flat solid colors only, completely white background, mostly empty space, centered composition, dot eyes, round heads, straight-line stick bodies, basic squares and circles, crude hand-lettered labels, zero shading, zero 3D, zero cinematic lighting. Scene: a stick figure pushing a round rock up a hill with a sign reading AGAIN
56	2:21	16:9 widescreen, intentionally bad amateur MS Paint drawing, simple childish stick-figure style, wobbly hand-drawn thick uneven black outlines, flat solid colors only, completely white background, mostly empty space, centered composition, dot eyes, round heads, straight-line stick bodies, basic squares and circles, crude hand-lettered labels, zero shading, zero 3D, zero cinematic lighting. Scene: a video play-button rectangle with a talking stick figure inside
57	2:25	16:9 widescreen, intentionally bad amateur MS Paint drawing, simple childish stick-figure style, wobbly hand-drawn thick uneven black outlines, flat solid colors only, completely white background, mostly empty space, centered composition, dot eyes, round heads, straight-line stick bodies, basic squares and circles, crude hand-lettered labels, zero shading, zero 3D, zero cinematic lighting. Scene: a stick figure with little devil horns sitting at a drawing desk, label DESIGNER
58	2:26	16:9 widescreen, intentionally bad amateur MS Paint drawing, simple childish stick-figure style, wobbly hand-drawn thick uneven black outlines, flat solid colors only, completely white background, mostly empty space, centered composition, dot eyes, round heads, straight-line stick bodies, basic squares and circles, crude hand-lettered labels, zero shading, zero 3D, zero cinematic lighting. Scene: a black tangled maze pattern in a box labeled DARK PATTERNS
59	2:27	16:9 widescreen, intentionally bad amateur MS Paint drawing, simple childish stick-figure style, wobbly hand-drawn thick uneven black outlines, flat solid colors only, completely white background, mostly empty space, centered composition, dot eyes, round heads, straight-line stick bodies, basic squares and circles, crude hand-lettered labels, zero shading, zero 3D, zero cinematic lighting. Scene: a downward arrow passing through stacked layers all labeled MALICE
60	2:29	16:9 widescreen, intentionally bad amateur MS Paint drawing, simple childish stick-figure style, wobbly hand-drawn thick uneven black outlines, flat solid colors only, completely white background, mostly empty space, centered composition, dot eyes, round heads, straight-line stick bodies, basic squares and circles, crude hand-lettered labels, zero shading, zero 3D, zero cinematic lighting. Scene: a big green check mark next to the word ILIAD
61	2:31	16:9 widescreen, intentionally bad amateur MS Paint drawing, simple childish stick-figure style, wobbly hand-drawn thick uneven black outlines, flat solid colors only, completely white background, mostly empty space, centered composition, dot eyes, round heads, straight-line stick bodies, basic squares and circles, crude hand-lettered labels, zero shading, zero 3D, zero cinematic lighting. Scene: a stick figure with a finger to its lips, small sign reading NOBODY TALKS
62	2:33	16:9 widescreen, intentionally bad amateur MS Paint drawing, simple childish stick-figure style, wobbly hand-drawn thick uneven black outlines, flat solid colors only, completely white background, mostly empty space, centered composition, dot eyes, round heads, straight-line stick bodies, basic squares and circles, crude hand-lettered labels, zero shading, zero 3D, zero cinematic lighting. Scene: three doors in a row each labeled EXIT with numbers 1 2 3
63	2:35	16:9 widescreen, intentionally bad amateur MS Paint drawing, simple childish stick-figure style, wobbly hand-drawn thick uneven black outlines, flat solid colors only, completely white background, mostly empty space, centered composition, dot eyes, round heads, straight-line stick bodies, basic squares and circles, crude hand-lettered labels, zero shading, zero 3D, zero cinematic lighting. Scene: a single door with a big X crossed over it, label NOT 1
64	2:36	16:9 widescreen, intentionally bad amateur MS Paint drawing, simple childish stick-figure style, wobbly hand-drawn thick uneven black outlines, flat solid colors only, completely white background, mostly empty space, centered composition, dot eyes, round heads, straight-line stick bodies, basic squares and circles, crude hand-lettered labels, zero shading, zero 3D, zero cinematic lighting. Scene: a door labeled TRAP with a simple bear trap in front of it
65	2:37	16:9 widescreen, intentionally bad amateur MS Paint drawing, simple childish stick-figure style, wobbly hand-drawn thick uneven black outlines, flat solid colors only, completely white background, mostly empty space, centered composition, dot eyes, round heads, straight-line stick bodies, basic squares and circles, crude hand-lettered labels, zero shading, zero 3D, zero cinematic lighting. Scene: a ruler and a pencil drawing a straight line, label DESIGNED
66	2:38	16:9 widescreen, intentionally bad amateur MS Paint drawing, simple childish stick-figure style, wobbly hand-drawn thick uneven black outlines, flat solid colors only, completely white background, mostly empty space, centered composition, dot eyes, round heads, straight-line stick bodies, basic squares and circles, crude hand-lettered labels, zero shading, zero 3D, zero cinematic lighting. Scene: a checklist clipboard with three check marks, label TESTED
67	2:38b	16:9 widescreen, intentionally bad amateur MS Paint drawing, simple childish stick-figure style, wobbly hand-drawn thick uneven black outlines, flat solid colors only, completely white background, mostly empty space, centered composition, dot eyes, round heads, straight-line stick bodies, basic squares and circles, crude hand-lettered labels, zero shading, zero 3D, zero cinematic lighting. Scene: a single Greek column next to a scroll labeled GREEK EPIC
68	2:40	16:9 widescreen, intentionally bad amateur MS Paint drawing, simple childish stick-figure style, wobbly hand-drawn thick uneven black outlines, flat solid colors only, completely white background, mostly empty space, centered composition, dot eyes, round heads, straight-line stick bodies, basic squares and circles, crude hand-lettered labels, zero shading, zero 3D, zero cinematic lighting. Scene: a door labeled HONEST EXIT with a smiley face on it
69	2:42	16:9 widescreen, intentionally bad amateur MS Paint drawing, simple childish stick-figure style, wobbly hand-drawn thick uneven black outlines, flat solid colors only, completely white background, mostly empty space, centered composition, dot eyes, round heads, straight-line stick bodies, basic squares and circles, crude hand-lettered labels, zero shading, zero 3D, zero cinematic lighting. Scene: a simple diamond gem with a label RARE
70	2:43	16:9 widescreen, intentionally bad amateur MS Paint drawing, simple childish stick-figure style, wobbly hand-drawn thick uneven black outlines, flat solid colors only, completely white background, mostly empty space, centered composition, dot eyes, round heads, straight-line stick bodies, basic squares and circles, crude hand-lettered labels, zero shading, zero 3D, zero cinematic lighting. Scene: a single sheet of paper with a big number 1, label 1 PAGE
71	2:43b	16:9 widescreen, intentionally bad amateur MS Paint drawing, simple childish stick-figure style, wobbly hand-drawn thick uneven black outlines, flat solid colors only, completely white background, mostly empty space, centered composition, dot eyes, round heads, straight-line stick bodies, basic squares and circles, crude hand-lettered labels, zero shading, zero 3D, zero cinematic lighting. Scene: a single cursor arrow pressing a button, label 1 CLICK
72	2:44	16:9 widescreen, intentionally bad amateur MS Paint drawing, simple childish stick-figure style, wobbly hand-drawn thick uneven black outlines, flat solid colors only, completely white background, mostly empty space, centered composition, dot eyes, round heads, straight-line stick bodies, basic squares and circles, crude hand-lettered labels, zero shading, zero 3D, zero cinematic lighting. Scene: a friendly stick figure waving with a speech bubble reading GOODBYE
73	2:45	16:9 widescreen, intentionally bad amateur MS Paint drawing, simple childish stick-figure style, wobbly hand-drawn thick uneven black outlines, flat solid colors only, completely white background, mostly empty space, centered composition, dot eyes, round heads, straight-line stick bodies, basic squares and circles, crude hand-lettered labels, zero shading, zero 3D, zero cinematic lighting. Scene: a door with a big number 3 and a frowning stick figure beside it
74	2:49	16:9 widescreen, intentionally bad amateur MS Paint drawing, simple childish stick-figure style, wobbly hand-drawn thick uneven black outlines, flat solid colors only, completely white background, mostly empty space, centered composition, dot eyes, round heads, straight-line stick bodies, basic squares and circles, crude hand-lettered labels, zero shading, zero 3D, zero cinematic lighting. Scene: a dusty door covered in cobwebs labeled NEGLECTED
75	2:50	16:9 widescreen, intentionally bad amateur MS Paint drawing, simple childish stick-figure style, wobbly hand-drawn thick uneven black outlines, flat solid colors only, completely white background, mostly empty space, centered composition, dot eyes, round heads, straight-line stick bodies, basic squares and circles, crude hand-lettered labels, zero shading, zero 3D, zero cinematic lighting. Scene: a lone page with a label reading OWNER and three question marks, nobody around it
76	2:52	16:9 widescreen, intentionally bad amateur MS Paint drawing, simple childish stick-figure style, wobbly hand-drawn thick uneven black outlines, flat solid colors only, completely white background, mostly empty space, centered composition, dot eyes, round heads, straight-line stick bodies, basic squares and circles, crude hand-lettered labels, zero shading, zero 3D, zero cinematic lighting. Scene: a stick figure next to a crossed-out trophy, label NO PROMOTION
77	2:55	16:9 widescreen, intentionally bad amateur MS Paint drawing, simple childish stick-figure style, wobbly hand-drawn thick uneven black outlines, flat solid colors only, completely white background, mostly empty space, centered composition, dot eyes, round heads, straight-line stick bodies, basic squares and circles, crude hand-lettered labels, zero shading, zero 3D, zero cinematic lighting. Scene: a simple roadmap line with a highlighted box reading SIGN UP
78	2:58	16:9 widescreen, intentionally bad amateur MS Paint drawing, simple childish stick-figure style, wobbly hand-drawn thick uneven black outlines, flat solid colors only, completely white background, mostly empty space, centered composition, dot eyes, round heads, straight-line stick bodies, basic squares and circles, crude hand-lettered labels, zero shading, zero 3D, zero cinematic lighting. Scene: stick figures around a meeting table, one silent, a faint sign reading DELIGHTFUL GOODBYE
79	3:03	16:9 widescreen, intentionally bad amateur MS Paint drawing, simple childish stick-figure style, wobbly hand-drawn thick uneven black outlines, flat solid colors only, completely white background, mostly empty space, centered composition, dot eyes, round heads, straight-line stick bodies, basic squares and circles, crude hand-lettered labels, zero shading, zero 3D, zero cinematic lighting. Scene: a sheet of paper with cracks and mold spots, label ROT
80	3:05	16:9 widescreen, intentionally bad amateur MS Paint drawing, simple childish stick-figure style, wobbly hand-drawn thick uneven black outlines, flat solid colors only, completely white background, mostly empty space, centered composition, dot eyes, round heads, straight-line stick bodies, basic squares and circles, crude hand-lettered labels, zero shading, zero 3D, zero cinematic lighting. Scene: a chain with one broken link, label LINK
81	3:06	16:9 widescreen, intentionally bad amateur MS Paint drawing, simple childish stick-figure style, wobbly hand-drawn thick uneven black outlines, flat solid colors only, completely white background, mostly empty space, centered composition, dot eyes, round heads, straight-line stick bodies, basic squares and circles, crude hand-lettered labels, zero shading, zero 3D, zero cinematic lighting. Scene: a form on a screen with a big red word ERROR
82	3:07	16:9 widescreen, intentionally bad amateur MS Paint drawing, simple childish stick-figure style, wobbly hand-drawn thick uneven black outlines, flat solid colors only, completely white background, mostly empty space, centered composition, dot eyes, round heads, straight-line stick bodies, basic squares and circles, crude hand-lettered labels, zero shading, zero 3D, zero cinematic lighting. Scene: an old telephone with little sound lines, text RING RING, nobody answering
83	3:10	16:9 widescreen, intentionally bad amateur MS Paint drawing, simple childish stick-figure style, wobbly hand-drawn thick uneven black outlines, flat solid colors only, completely white background, mostly empty space, centered composition, dot eyes, round heads, straight-line stick bodies, basic squares and circles, crude hand-lettered labels, zero shading, zero 3D, zero cinematic lighting. Scene: the word MALICE with a big X crossed through it
84	3:10b	16:9 widescreen, intentionally bad amateur MS Paint drawing, simple childish stick-figure style, wobbly hand-drawn thick uneven black outlines, flat solid colors only, completely white background, mostly empty space, centered composition, dot eyes, round heads, straight-line stick bodies, basic squares and circles, crude hand-lettered labels, zero shading, zero 3D, zero cinematic lighting. Scene: one small lonely stick figure standing alone, label ORPHAN
85	3:11	16:9 widescreen, intentionally bad amateur MS Paint drawing, simple childish stick-figure style, wobbly hand-drawn thick uneven black outlines, flat solid colors only, completely white background, mostly empty space, centered composition, dot eyes, round heads, straight-line stick bodies, basic squares and circles, crude hand-lettered labels, zero shading, zero 3D, zero cinematic lighting. Scene: a big open eye with a magnifying glass, label TRAINED EYE
86	3:14	16:9 widescreen, intentionally bad amateur MS Paint drawing, simple childish stick-figure style, wobbly hand-drawn thick uneven black outlines, flat solid colors only, completely white background, mostly empty space, centered composition, dot eyes, round heads, straight-line stick bodies, basic squares and circles, crude hand-lettered labels, zero shading, zero 3D, zero cinematic lighting. Scene: an old moldy sheet of paper, label STALE
87	3:16	16:9 widescreen, intentionally bad amateur MS Paint drawing, simple childish stick-figure style, wobbly hand-drawn thick uneven black outlines, flat solid colors only, completely white background, mostly empty space, centered composition, dot eyes, round heads, straight-line stick bodies, basic squares and circles, crude hand-lettered labels, zero shading, zero 3D, zero cinematic lighting. Scene: a dusty page covered in cobwebs, label YEARS
88	3:17	16:9 widescreen, intentionally bad amateur MS Paint drawing, simple childish stick-figure style, wobbly hand-drawn thick uneven black outlines, flat solid colors only, completely white background, mostly empty space, centered composition, dot eyes, round heads, straight-line stick bodies, basic squares and circles, crude hand-lettered labels, zero shading, zero 3D, zero cinematic lighting. Scene: a shiny button with sparkle marks and an arrow pointing the wrong way, label TRAP
89	3:21	16:9 widescreen, intentionally bad amateur MS Paint drawing, simple childish stick-figure style, wobbly hand-drawn thick uneven black outlines, flat solid colors only, completely white background, mostly empty space, centered composition, dot eyes, round heads, straight-line stick bodies, basic squares and circles, crude hand-lettered labels, zero shading, zero 3D, zero cinematic lighting. Scene: one huge bright button in the center labeled STAY
90	3:23	16:9 widescreen, intentionally bad amateur MS Paint drawing, simple childish stick-figure style, wobbly hand-drawn thick uneven black outlines, flat solid colors only, completely white background, mostly empty space, centered composition, dot eyes, round heads, straight-line stick bodies, basic squares and circles, crude hand-lettered labels, zero shading, zero 3D, zero cinematic lighting. Scene: a tiny faint grey word cancel in the corner of a big empty box
91	3:25	16:9 widescreen, intentionally bad amateur MS Paint drawing, simple childish stick-figure style, wobbly hand-drawn thick uneven black outlines, flat solid colors only, completely white background, mostly empty space, centered composition, dot eyes, round heads, straight-line stick bodies, basic squares and circles, crude hand-lettered labels, zero shading, zero 3D, zero cinematic lighting. Scene: a very tiny word with a ruler beside it labeled SIZE 10
92	3:26	16:9 widescreen, intentionally bad amateur MS Paint drawing, simple childish stick-figure style, wobbly hand-drawn thick uneven black outlines, flat solid colors only, completely white background, mostly empty space, centered composition, dot eyes, round heads, straight-line stick bodies, basic squares and circles, crude hand-lettered labels, zero shading, zero 3D, zero cinematic lighting. Scene: a big empty box with a tiny word cancel in the bottom-left corner and an arrow
93	3:28	16:9 widescreen, intentionally bad amateur MS Paint drawing, simple childish stick-figure style, wobbly hand-drawn thick uneven black outlines, flat solid colors only, completely white background, mostly empty space, centered composition, dot eyes, round heads, straight-line stick bodies, basic squares and circles, crude hand-lettered labels, zero shading, zero 3D, zero cinematic lighting. Scene: a bear trap holding up a small trophy, question mark above
94	3:29	16:9 widescreen, intentionally bad amateur MS Paint drawing, simple childish stick-figure style, wobbly hand-drawn thick uneven black outlines, flat solid colors only, completely white background, mostly empty space, centered composition, dot eyes, round heads, straight-line stick bodies, basic squares and circles, crude hand-lettered labels, zero shading, zero 3D, zero cinematic lighting. Scene: a car-style dashboard gauge with a finger pointing at it
95	3:31	16:9 widescreen, intentionally bad amateur MS Paint drawing, simple childish stick-figure style, wobbly hand-drawn thick uneven black outlines, flat solid colors only, completely white background, mostly empty space, centered composition, dot eyes, round heads, straight-line stick bodies, basic squares and circles, crude hand-lettered labels, zero shading, zero 3D, zero cinematic lighting. Scene: a dashboard gauge with a label reading SAVE RATE
96	3:34	16:9 widescreen, intentionally bad amateur MS Paint drawing, simple childish stick-figure style, wobbly hand-drawn thick uneven black outlines, flat solid colors only, completely white background, mostly empty space, centered composition, dot eyes, round heads, straight-line stick bodies, basic squares and circles, crude hand-lettered labels, zero shading, zero 3D, zero cinematic lighting. Scene: a stick figure walking toward an exit but pulled back by a hand, a percent sign
97	3:38	16:9 widescreen, intentionally bad amateur MS Paint drawing, simple childish stick-figure style, wobbly hand-drawn thick uneven black outlines, flat solid colors only, completely white background, mostly empty space, centered composition, dot eyes, round heads, straight-line stick bodies, basic squares and circles, crude hand-lettered labels, zero shading, zero 3D, zero cinematic lighting. Scene: a calendar labeled WEEKLY next to a small gauge
98	3:39	16:9 widescreen, intentionally bad amateur MS Paint drawing, simple childish stick-figure style, wobbly hand-drawn thick uneven black outlines, flat solid colors only, completely white background, mostly empty space, centered composition, dot eyes, round heads, straight-line stick bodies, basic squares and circles, crude hand-lettered labels, zero shading, zero 3D, zero cinematic lighting. Scene: two stick figures cheering with arms up and little confetti dots
99	3:40	16:9 widescreen, intentionally bad amateur MS Paint drawing, simple childish stick-figure style, wobbly hand-drawn thick uneven black outlines, flat solid colors only, completely white background, mostly empty space, centered composition, dot eyes, round heads, straight-line stick bodies, basic squares and circles, crude hand-lettered labels, zero shading, zero 3D, zero cinematic lighting. Scene: a money bag labeled BONUS tied by a string to a gauge
100	3:43	16:9 widescreen, intentionally bad amateur MS Paint drawing, simple childish stick-figure style, wobbly hand-drawn thick uneven black outlines, flat solid colors only, completely white background, mostly empty space, centered composition, dot eyes, round heads, straight-line stick bodies, basic squares and circles, crude hand-lettered labels, zero shading, zero 3D, zero cinematic lighting. Scene: a dashboard with one empty slot showing three question marks
101	3:45	16:9 widescreen, intentionally bad amateur MS Paint drawing, simple childish stick-figure style, wobbly hand-drawn thick uneven black outlines, flat solid colors only, completely white background, mostly empty space, centered composition, dot eyes, round heads, straight-line stick bodies, basic squares and circles, crude hand-lettered labels, zero shading, zero 3D, zero cinematic lighting. Scene: an angry stick-figure face with furrowed brows, label RESENTMENT
102	3:46	16:9 widescreen, intentionally bad amateur MS Paint drawing, simple childish stick-figure style, wobbly hand-drawn thick uneven black outlines, flat solid colors only, completely white background, mostly empty space, centered composition, dot eyes, round heads, straight-line stick bodies, basic squares and circles, crude hand-lettered labels, zero shading, zero 3D, zero cinematic lighting. Scene: a slightly frowning stick figure tiptoeing away, small shh
103	3:49	16:9 widescreen, intentionally bad amateur MS Paint drawing, simple childish stick-figure style, wobbly hand-drawn thick uneven black outlines, flat solid colors only, completely white background, mostly empty space, centered composition, dot eyes, round heads, straight-line stick bodies, basic squares and circles, crude hand-lettered labels, zero shading, zero 3D, zero cinematic lighting. Scene: a stick figure walking away with a thought bubble containing a question mark
104	3:50	16:9 widescreen, intentionally bad amateur MS Paint drawing, simple childish stick-figure style, wobbly hand-drawn thick uneven black outlines, flat solid colors only, completely white background, mostly empty space, centered composition, dot eyes, round heads, straight-line stick bodies, basic squares and circles, crude hand-lettered labels, zero shading, zero 3D, zero cinematic lighting. Scene: an angry stick figure storming off with steam lines above its head
105	3:52	16:9 widescreen, intentionally bad amateur MS Paint drawing, simple childish stick-figure style, wobbly hand-drawn thick uneven black outlines, flat solid colors only, completely white background, mostly empty space, centered composition, dot eyes, round heads, straight-line stick bodies, basic squares and circles, crude hand-lettered labels, zero shading, zero 3D, zero cinematic lighting. Scene: an angry stick figure waving others to follow, label RECRUIT
106	3:53	16:9 widescreen, intentionally bad amateur MS Paint drawing, simple childish stick-figure style, wobbly hand-drawn thick uneven black outlines, flat solid colors only, completely white background, mostly empty space, centered composition, dot eyes, round heads, straight-line stick bodies, basic squares and circles, crude hand-lettered labels, zero shading, zero 3D, zero cinematic lighting. Scene: a stick figure holding a warning triangle sign speaking to two others
107	3:54	16:9 widescreen, intentionally bad amateur MS Paint drawing, simple childish stick-figure style, wobbly hand-drawn thick uneven black outlines, flat solid colors only, completely white background, mostly empty space, centered composition, dot eyes, round heads, straight-line stick bodies, basic squares and circles, crude hand-lettered labels, zero shading, zero 3D, zero cinematic lighting. Scene: one stick figure in front of a small crowd of stick figures
108	3:55	16:9 widescreen, intentionally bad amateur MS Paint drawing, simple childish stick-figure style, wobbly hand-drawn thick uneven black outlines, flat solid colors only, completely white background, mostly empty space, centered composition, dot eyes, round heads, straight-line stick bodies, basic squares and circles, crude hand-lettered labels, zero shading, zero 3D, zero cinematic lighting. Scene: three stick figures sitting at a long desk, sign reading PROCUREMENT
109	3:57	16:9 widescreen, intentionally bad amateur MS Paint drawing, simple childish stick-figure style, wobbly hand-drawn thick uneven black outlines, flat solid colors only, completely white background, mostly empty space, centered composition, dot eyes, round heads, straight-line stick bodies, basic squares and circles, crude hand-lettered labels, zero shading, zero 3D, zero cinematic lighting. Scene: an old stick figure with round glasses pointing a finger, small label MUNGER
110	4:01	16:9 widescreen, intentionally bad amateur MS Paint drawing, simple childish stick-figure style, wobbly hand-drawn thick uneven black outlines, flat solid colors only, completely white background, mostly empty space, centered composition, dot eyes, round heads, straight-line stick bodies, basic squares and circles, crude hand-lettered labels, zero shading, zero 3D, zero cinematic lighting. Scene: a carrot dangling on a stick with an arrow pointing to a result box, labels INCENTIVE and OUTCOME
111	4:03	16:9 widescreen, intentionally bad amateur MS Paint drawing, simple childish stick-figure style, wobbly hand-drawn thick uneven black outlines, flat solid colors only, completely white background, mostly empty space, centered composition, dot eyes, round heads, straight-line stick bodies, basic squares and circles, crude hand-lettered labels, zero shading, zero 3D, zero cinematic lighting. Scene: a dashboard with a small trophy sitting on a slot labeled SAVES
112	4:05	16:9 widescreen, intentionally bad amateur MS Paint drawing, simple childish stick-figure style, wobbly hand-drawn thick uneven black outlines, flat solid colors only, completely white background, mostly empty space, centered composition, dot eyes, round heads, straight-line stick bodies, basic squares and circles, crude hand-lettered labels, zero shading, zero 3D, zero cinematic lighting. Scene: a dashboard wearing a blindfold, an angry face off to the side labeled RAGE
113	4:07	16:9 widescreen, intentionally bad amateur MS Paint drawing, simple childish stick-figure style, wobbly hand-drawn thick uneven black outlines, flat solid colors only, completely white background, mostly empty space, centered composition, dot eyes, round heads, straight-line stick bodies, basic squares and circles, crude hand-lettered labels, zero shading, zero 3D, zero cinematic lighting. Scene: a boxy machine with gears turned by stick figures, output label TRAPPED AND ANGRY
114	4:12	16:9 widescreen, intentionally bad amateur MS Paint drawing, simple childish stick-figure style, wobbly hand-drawn thick uneven black outlines, flat solid colors only, completely white background, mostly empty space, centered composition, dot eyes, round heads, straight-line stick bodies, basic squares and circles, crude hand-lettered labels, zero shading, zero 3D, zero cinematic lighting. Scene: a boxy machine with a small plus one sign pointing at it
115	4:13	16:9 widescreen, intentionally bad amateur MS Paint drawing, simple childish stick-figure style, wobbly hand-drawn thick uneven black outlines, flat solid colors only, completely white background, mostly empty space, centered composition, dot eyes, round heads, straight-line stick bodies, basic squares and circles, crude hand-lettered labels, zero shading, zero 3D, zero cinematic lighting. Scene: two pages labeled SIGN UP and CANCEL both built by the same two stick figures
116	4:16	16:9 widescreen, intentionally bad amateur MS Paint drawing, simple childish stick-figure style, wobbly hand-drawn thick uneven black outlines, flat solid colors only, completely white background, mostly empty space, centered composition, dot eyes, round heads, straight-line stick bodies, basic squares and circles, crude hand-lettered labels, zero shading, zero 3D, zero cinematic lighting. Scene: an open toolbox with a hammer and wrench, label SAME TOOLS
117	4:17	16:9 widescreen, intentionally bad amateur MS Paint drawing, simple childish stick-figure style, wobbly hand-drawn thick uneven black outlines, flat solid colors only, completely white background, mostly empty space, centered composition, dot eyes, round heads, straight-line stick bodies, basic squares and circles, crude hand-lettered labels, zero shading, zero 3D, zero cinematic lighting. Scene: two boxes labeled A and B side by side with a magnifying glass
118	4:18	16:9 widescreen, intentionally bad amateur MS Paint drawing, simple childish stick-figure style, wobbly hand-drawn thick uneven black outlines, flat solid colors only, completely white background, mostly empty space, centered composition, dot eyes, round heads, straight-line stick bodies, basic squares and circles, crude hand-lettered labels, zero shading, zero 3D, zero cinematic lighting. Scene: two identical buttons in two different flat colors
119	4:19	16:9 widescreen, intentionally bad amateur MS Paint drawing, simple childish stick-figure style, wobbly hand-drawn thick uneven black outlines, flat solid colors only, completely white background, mostly empty space, centered composition, dot eyes, round heads, straight-line stick bodies, basic squares and circles, crude hand-lettered labels, zero shading, zero 3D, zero cinematic lighting. Scene: a page of text with a pencil editing a word, label COPY
120	4:20	16:9 widescreen, intentionally bad amateur MS Paint drawing, simple childish stick-figure style, wobbly hand-drawn thick uneven black outlines, flat solid colors only, completely white background, mostly empty space, centered composition, dot eyes, round heads, straight-line stick bodies, basic squares and circles, crude hand-lettered labels, zero shading, zero 3D, zero cinematic lighting. Scene: two stick figures in a tug of war over a rope labeled PERSUASION
121	4:23	16:9 widescreen, intentionally bad amateur MS Paint drawing, simple childish stick-figure style, wobbly hand-drawn thick uneven black outlines, flat solid colors only, completely white background, mostly empty space, centered composition, dot eyes, round heads, straight-line stick bodies, basic squares and circles, crude hand-lettered labels, zero shading, zero 3D, zero cinematic lighting. Scene: two stick figures shaking hands, both arrows pointing the same way, label IN
122	4:26	16:9 widescreen, intentionally bad amateur MS Paint drawing, simple childish stick-figure style, wobbly hand-drawn thick uneven black outlines, flat solid colors only, completely white background, mostly empty space, centered composition, dot eyes, round heads, straight-line stick bodies, basic squares and circles, crude hand-lettered labels, zero shading, zero 3D, zero cinematic lighting. Scene: two stick figures pulling in opposite directions, a jagged CONFLICT mark, label CANCEL
123	4:33	16:9 widescreen, intentionally bad amateur MS Paint drawing, simple childish stick-figure style, wobbly hand-drawn thick uneven black outlines, flat solid colors only, completely white background, mostly empty space, centered composition, dot eyes, round heads, straight-line stick bodies, basic squares and circles, crude hand-lettered labels, zero shading, zero 3D, zero cinematic lighting. Scene: a door labeled EXIT with a persuasion arrow continuing past it
124	4:35	16:9 widescreen, intentionally bad amateur MS Paint drawing, simple childish stick-figure style, wobbly hand-drawn thick uneven black outlines, flat solid colors only, completely white background, mostly empty space, centered composition, dot eyes, round heads, straight-line stick bodies, basic squares and circles, crude hand-lettered labels, zero shading, zero 3D, zero cinematic lighting. Scene: an arrow bending to flip direction, label SWITCH
125	4:36	16:9 widescreen, intentionally bad amateur MS Paint drawing, simple childish stick-figure style, wobbly hand-drawn thick uneven black outlines, flat solid colors only, completely white background, mostly empty space, centered composition, dot eyes, round heads, straight-line stick bodies, basic squares and circles, crude hand-lettered labels, zero shading, zero 3D, zero cinematic lighting. Scene: a gear with a curved arrow spinning backward, label REVERSE
126	4:40	16:9 widescreen, intentionally bad amateur MS Paint drawing, simple childish stick-figure style, wobbly hand-drawn thick uneven black outlines, flat solid colors only, completely white background, mostly empty space, centered composition, dot eyes, round heads, straight-line stick bodies, basic squares and circles, crude hand-lettered labels, zero shading, zero 3D, zero cinematic lighting. Scene: a small box with an arrow growing into a big box, label SCALE UP
127	4:41	16:9 widescreen, intentionally bad amateur MS Paint drawing, simple childish stick-figure style, wobbly hand-drawn thick uneven black outlines, flat solid colors only, completely white background, mostly empty space, centered composition, dot eyes, round heads, straight-line stick bodies, basic squares and circles, crude hand-lettered labels, zero shading, zero 3D, zero cinematic lighting. Scene: a few coins inside a pocket outline, label POCKET MONEY
128	4:44	16:9 widescreen, intentionally bad amateur MS Paint drawing, simple childish stick-figure style, wobbly hand-drawn thick uneven black outlines, flat solid colors only, completely white background, mostly empty space, centered composition, dot eyes, round heads, straight-line stick bodies, basic squares and circles, crude hand-lettered labels, zero shading, zero 3D, zero cinematic lighting. Scene: a large complicated maze far bigger than three small screens, label B2B
129	4:46	16:9 widescreen, intentionally bad amateur MS Paint drawing, simple childish stick-figure style, wobbly hand-drawn thick uneven black outlines, flat solid colors only, completely white background, mostly empty space, centered composition, dot eyes, round heads, straight-line stick bodies, basic squares and circles, crude hand-lettered labels, zero shading, zero 3D, zero cinematic lighting. Scene: a big sheet of paper covered in lines labeled CONTRACT
130	4:48	16:9 widescreen, intentionally bad amateur MS Paint drawing, simple childish stick-figure style, wobbly hand-drawn thick uneven black outlines, flat solid colors only, completely white background, mostly empty space, centered composition, dot eyes, round heads, straight-line stick bodies, basic squares and circles, crude hand-lettered labels, zero shading, zero 3D, zero cinematic lighting. Scene: a calendar with a circular loop arrow, label AUTO RENEW 1 YEAR
131	4:51	16:9 widescreen, intentionally bad amateur MS Paint drawing, simple childish stick-figure style, wobbly hand-drawn thick uneven black outlines, flat solid colors only, completely white background, mostly empty space, centered composition, dot eyes, round heads, straight-line stick bodies, basic squares and circles, crude hand-lettered labels, zero shading, zero 3D, zero cinematic lighting. Scene: a calendar marked 90 DAYS next to a notice paper
132	4:54	16:9 widescreen, intentionally bad amateur MS Paint drawing, simple childish stick-figure style, wobbly hand-drawn thick uneven black outlines, flat solid colors only, completely white background, mostly empty space, centered composition, dot eyes, round heads, straight-line stick bodies, basic squares and circles, crude hand-lettered labels, zero shading, zero 3D, zero cinematic lighting. Scene: a hand writing on a sheet of paper, label IN WRITING
133	4:55	16:9 widescreen, intentionally bad amateur MS Paint drawing, simple childish stick-figure style, wobbly hand-drawn thick uneven black outlines, flat solid colors only, completely white background, mostly empty space, centered composition, dot eyes, round heads, straight-line stick bodies, basic squares and circles, crude hand-lettered labels, zero shading, zero 3D, zero cinematic lighting. Scene: a contract paper with a line circled and labeled CLAUSE 14
134	4:56	16:9 widescreen, intentionally bad amateur MS Paint drawing, simple childish stick-figure style, wobbly hand-drawn thick uneven black outlines, flat solid colors only, completely white background, mostly empty space, centered composition, dot eyes, round heads, straight-line stick bodies, basic squares and circles, crude hand-lettered labels, zero shading, zero 3D, zero cinematic lighting. Scene: a calendar with one day crossed and a chain to a box labeled PLUS 1 YEAR
135	4:59	16:9 widescreen, intentionally bad amateur MS Paint drawing, simple childish stick-figure style, wobbly hand-drawn thick uneven black outlines, flat solid colors only, completely white background, mostly empty space, centered composition, dot eyes, round heads, straight-line stick bodies, basic squares and circles, crude hand-lettered labels, zero shading, zero 3D, zero cinematic lighting. Scene: a single finger pointing with the word OR
136	5:00	16:9 widescreen, intentionally bad amateur MS Paint drawing, simple childish stick-figure style, wobbly hand-drawn thick uneven black outlines, flat solid colors only, completely white background, mostly empty space, centered composition, dot eyes, round heads, straight-line stick bodies, basic squares and circles, crude hand-lettered labels, zero shading, zero 3D, zero cinematic lighting. Scene: a calendar with a phone icon labeled BOOK A CALL and a stick figure labeled CSM
137	5:04	16:9 widescreen, intentionally bad amateur MS Paint drawing, simple childish stick-figure style, wobbly hand-drawn thick uneven black outlines, flat solid colors only, completely white background, mostly empty space, centered composition, dot eyes, round heads, straight-line stick bodies, basic squares and circles, crude hand-lettered labels, zero shading, zero 3D, zero cinematic lighting. Scene: a clipboard agenda with a single line item
138	5:06	16:9 widescreen, intentionally bad amateur MS Paint drawing, simple childish stick-figure style, wobbly hand-drawn thick uneven black outlines, flat solid colors only, completely white background, mostly empty space, centered composition, dot eyes, round heads, straight-line stick bodies, basic squares and circles, crude hand-lettered labels, zero shading, zero 3D, zero cinematic lighting. Scene: one stick figure with a big speech bubble talking at another stick figure
139	5:07	16:9 widescreen, intentionally bad amateur MS Paint drawing, simple childish stick-figure style, wobbly hand-drawn thick uneven black outlines, flat solid colors only, completely white background, mostly empty space, centered composition, dot eyes, round heads, straight-line stick bodies, basic squares and circles, crude hand-lettered labels, zero shading, zero 3D, zero cinematic lighting. Scene: a stick figure with a finger to its lips, label QUIET
140	5:08	16:9 widescreen, intentionally bad amateur MS Paint drawing, simple childish stick-figure style, wobbly hand-drawn thick uneven black outlines, flat solid colors only, completely white background, mostly empty space, centered composition, dot eyes, round heads, straight-line stick bodies, basic squares and circles, crude hand-lettered labels, zero shading, zero 3D, zero cinematic lighting. Scene: a smiling stick figure gesturing toward an open door, label SURE
141	5:10	16:9 widescreen, intentionally bad amateur MS Paint drawing, simple childish stick-figure style, wobbly hand-drawn thick uneven black outlines, flat solid colors only, completely white background, mostly empty space, centered composition, dot eyes, round heads, straight-line stick bodies, basic squares and circles, crude hand-lettered labels, zero shading, zero 3D, zero cinematic lighting. Scene: a box labeled DATA next to an hourglass and a sign reading 6 TO 8 WEEKS
142	5:12	16:9 widescreen, intentionally bad amateur MS Paint drawing, simple childish stick-figure style, wobbly hand-drawn thick uneven black outlines, flat solid colors only, completely white background, mostly empty space, centered composition, dot eyes, round heads, straight-line stick bodies, basic squares and circles, crude hand-lettered labels, zero shading, zero 3D, zero cinematic lighting. Scene: numbers 1 2 3 locked inside a cage, label HOSTAGE
143	5:14	16:9 widescreen, intentionally bad amateur MS Paint drawing, simple childish stick-figure style, wobbly hand-drawn thick uneven black outlines, flat solid colors only, completely white background, mostly empty space, centered composition, dot eyes, round heads, straight-line stick bodies, basic squares and circles, crude hand-lettered labels, zero shading, zero 3D, zero cinematic lighting. Scene: a film strip snapping in two, label BREAK
144	5:18	16:9 widescreen, intentionally bad amateur MS Paint drawing, simple childish stick-figure style, wobbly hand-drawn thick uneven black outlines, flat solid colors only, completely white background, mostly empty space, centered composition, dot eyes, round heads, straight-line stick bodies, basic squares and circles, crude hand-lettered labels, zero shading, zero 3D, zero cinematic lighting. Scene: an open exit door with a warning triangle sign beside it
145	5:21	16:9 widescreen, intentionally bad amateur MS Paint drawing, simple childish stick-figure style, wobbly hand-drawn thick uneven black outlines, flat solid colors only, completely white background, mostly empty space, centered composition, dot eyes, round heads, straight-line stick bodies, basic squares and circles, crude hand-lettered labels, zero shading, zero 3D, zero cinematic lighting. Scene: a single hourglass in the center, label TIME
146	5:24	16:9 widescreen, intentionally bad amateur MS Paint drawing, simple childish stick-figure style, wobbly hand-drawn thick uneven black outlines, flat solid colors only, completely white background, mostly empty space, centered composition, dot eyes, round heads, straight-line stick bodies, basic squares and circles, crude hand-lettered labels, zero shading, zero 3D, zero cinematic lighting. Scene: a megaphone next to a small rising bar chart, label DATA
147	5:27	16:9 widescreen, intentionally bad amateur MS Paint drawing, simple childish stick-figure style, wobbly hand-drawn thick uneven black outlines, flat solid colors only, completely white background, mostly empty space, centered composition, dot eyes, round heads, straight-line stick bodies, basic squares and circles, crude hand-lettered labels, zero shading, zero 3D, zero cinematic lighting. Scene: a calendar reading 3 DAYS with a box of results showing a question mark
148	5:30	16:9 widescreen, intentionally bad amateur MS Paint drawing, simple childish stick-figure style, wobbly hand-drawn thick uneven black outlines, flat solid colors only, completely white background, mostly empty space, centered composition, dot eyes, round heads, straight-line stick bodies, basic squares and circles, crude hand-lettered labels, zero shading, zero 3D, zero cinematic lighting. Scene: a stick figure walking out through a door, sign reading WEEK 1
149	5:34	16:9 widescreen, intentionally bad amateur MS Paint drawing, simple childish stick-figure style, wobbly hand-drawn thick uneven black outlines, flat solid colors only, completely white background, mostly empty space, centered composition, dot eyes, round heads, straight-line stick bodies, basic squares and circles, crude hand-lettered labels, zero shading, zero 3D, zero cinematic lighting. Scene: a halo floating above nothing with a big X crossing it, label NOT NOBLE
150	5:35	16:9 widescreen, intentionally bad amateur MS Paint drawing, simple childish stick-figure style, wobbly hand-drawn thick uneven black outlines, flat solid colors only, completely white background, mostly empty space, centered composition, dot eyes, round heads, straight-line stick bodies, basic squares and circles, crude hand-lettered labels, zero shading, zero 3D, zero cinematic lighting. Scene: a money bag labeled 1 MONTH next to a stick figure falling over
151	5:39	16:9 widescreen, intentionally bad amateur MS Paint drawing, simple childish stick-figure style, wobbly hand-drawn thick uneven black outlines, flat solid colors only, completely white background, mostly empty space, centered composition, dot eyes, round heads, straight-line stick bodies, basic squares and circles, crude hand-lettered labels, zero shading, zero 3D, zero cinematic lighting. Scene: a balance scale labeled FRICTION versus NONE with a big X over the whole thing
152	5:42	16:9 widescreen, intentionally bad amateur MS Paint drawing, simple childish stick-figure style, wobbly hand-drawn thick uneven black outlines, flat solid colors only, completely white background, mostly empty space, centered composition, dot eyes, round heads, straight-line stick bodies, basic squares and circles, crude hand-lettered labels, zero shading, zero 3D, zero cinematic lighting. Scene: two big question marks side by side, label 2
153	5:44	16:9 widescreen, intentionally bad amateur MS Paint drawing, simple childish stick-figure style, wobbly hand-drawn thick uneven black outlines, flat solid colors only, completely white background, mostly empty space, centered composition, dot eyes, round heads, straight-line stick bodies, basic squares and circles, crude hand-lettered labels, zero shading, zero 3D, zero cinematic lighting. Scene: a bright sun above two stick figures shaking hands, label AGREED
154	5:46	16:9 widescreen, intentionally bad amateur MS Paint drawing, simple childish stick-figure style, wobbly hand-drawn thick uneven black outlines, flat solid colors only, completely white background, mostly empty space, centered composition, dot eyes, round heads, straight-line stick bodies, basic squares and circles, crude hand-lettered labels, zero shading, zero 3D, zero cinematic lighting. Scene: a simple table with a contract paper sitting on top of it
155	5:47	16:9 widescreen, intentionally bad amateur MS Paint drawing, simple childish stick-figure style, wobbly hand-drawn thick uneven black outlines, flat solid colors only, completely white background, mostly empty space, centered composition, dot eyes, round heads, straight-line stick bodies, basic squares and circles, crude hand-lettered labels, zero shading, zero 3D, zero cinematic lighting. Scene: a paper positioned at the very front of a stack, label UP FRONT
156	5:48	16:9 widescreen, intentionally bad amateur MS Paint drawing, simple childish stick-figure style, wobbly hand-drawn thick uneven black outlines, flat solid colors only, completely white background, mostly empty space, centered composition, dot eyes, round heads, straight-line stick bodies, basic squares and circles, crude hand-lettered labels, zero shading, zero 3D, zero cinematic lighting. Scene: a magnifying glass finding tiny hidden text labeled CLAUSE 14
157	5:50	16:9 widescreen, intentionally bad amateur MS Paint drawing, simple childish stick-figure style, wobbly hand-drawn thick uneven black outlines, flat solid colors only, completely white background, mostly empty space, centered composition, dot eyes, round heads, straight-line stick bodies, basic squares and circles, crude hand-lettered labels, zero shading, zero 3D, zero cinematic lighting. Scene: a single big number 2 in the center
158	5:50b	16:9 widescreen, intentionally bad amateur MS Paint drawing, simple childish stick-figure style, wobbly hand-drawn thick uneven black outlines, flat solid colors only, completely white background, mostly empty space, centered composition, dot eyes, round heads, straight-line stick bodies, basic squares and circles, crude hand-lettered labels, zero shading, zero 3D, zero cinematic lighting. Scene: an hourglass running out as a gift box labeled VALUE appears, question mark
159	5:53	16:9 widescreen, intentionally bad amateur MS Paint drawing, simple childish stick-figure style, wobbly hand-drawn thick uneven black outlines, flat solid colors only, completely white background, mostly empty space, centered composition, dot eyes, round heads, straight-line stick bodies, basic squares and circles, crude hand-lettered labels, zero shading, zero 3D, zero cinematic lighting. Scene: a horizontal timeline with little flag milestones, label DAY 1
160	5:56	16:9 widescreen, intentionally bad amateur MS Paint drawing, simple childish stick-figure style, wobbly hand-drawn thick uneven black outlines, flat solid colors only, completely white background, mostly empty space, centered composition, dot eyes, round heads, straight-line stick bodies, basic squares and circles, crude hand-lettered labels, zero shading, zero 3D, zero cinematic lighting. Scene: a calendar labeled WEEK 2 with an arrow pointing forward
161	5:57	16:9 widescreen, intentionally bad amateur MS Paint drawing, simple childish stick-figure style, wobbly hand-drawn thick uneven black outlines, flat solid colors only, completely white background, mostly empty space, centered composition, dot eyes, round heads, straight-line stick bodies, basic squares and circles, crude hand-lettered labels, zero shading, zero 3D, zero cinematic lighting. Scene: a calendar labeled MONTH 2 with an arrow pointing forward
162	5:58	16:9 widescreen, intentionally bad amateur MS Paint drawing, simple childish stick-figure style, wobbly hand-drawn thick uneven black outlines, flat solid colors only, completely white background, mostly empty space, centered composition, dot eyes, round heads, straight-line stick bodies, basic squares and circles, crude hand-lettered labels, zero shading, zero 3D, zero cinematic lighting. Scene: two hands in a firm handshake, label COMMITMENT
163	5:59	16:9 widescreen, intentionally bad amateur MS Paint drawing, simple childish stick-figure style, wobbly hand-drawn thick uneven black outlines, flat solid colors only, completely white background, mostly empty space, centered composition, dot eyes, round heads, straight-line stick bodies, basic squares and circles, crude hand-lettered labels, zero shading, zero 3D, zero cinematic lighting. Scene: a birdcage with a small dashboard gauge inside it, label NO MILESTONES
164	6:03	16:9 widescreen, intentionally bad amateur MS Paint drawing, simple childish stick-figure style, wobbly hand-drawn thick uneven black outlines, flat solid colors only, completely white background, mostly empty space, centered composition, dot eyes, round heads, straight-line stick bodies, basic squares and circles, crude hand-lettered labels, zero shading, zero 3D, zero cinematic lighting. Scene: a pair of scissors cutting toward a stick figure labeled SELLER
165	6:06	16:9 widescreen, intentionally bad amateur MS Paint drawing, simple childish stick-figure style, wobbly hand-drawn thick uneven black outlines, flat solid colors only, completely white background, mostly empty space, centered composition, dot eyes, round heads, straight-line stick bodies, basic squares and circles, crude hand-lettered labels, zero shading, zero 3D, zero cinematic lighting. Scene: a calendar reading 6 MONTHS above a long winding road labeled JOURNEY
166	6:11	16:9 widescreen, intentionally bad amateur MS Paint drawing, simple childish stick-figure style, wobbly hand-drawn thick uneven black outlines, flat solid colors only, completely white background, mostly empty space, centered composition, dot eyes, round heads, straight-line stick bodies, basic squares and circles, crude hand-lettered labels, zero shading, zero 3D, zero cinematic lighting. Scene: a broken product box with a bandage on it, label DESIGN FAIL
167	6:14	16:9 widescreen, intentionally bad amateur MS Paint drawing, simple childish stick-figure style, wobbly hand-drawn thick uneven black outlines, flat solid colors only, completely white background, mostly empty space, centered composition, dot eyes, round heads, straight-line stick bodies, basic squares and circles, crude hand-lettered labels, zero shading, zero 3D, zero cinematic lighting. Scene: a shrugging stick figure with a big question mark
168	6:16	16:9 widescreen, intentionally bad amateur MS Paint drawing, simple childish stick-figure style, wobbly hand-drawn thick uneven black outlines, flat solid colors only, completely white background, mostly empty space, centered composition, dot eyes, round heads, straight-line stick bodies, basic squares and circles, crude hand-lettered labels, zero shading, zero 3D, zero cinematic lighting. Scene: a big number 1 with a check mark, label HABIT
169	6:17	16:9 widescreen, intentionally bad amateur MS Paint drawing, simple childish stick-figure style, wobbly hand-drawn thick uneven black outlines, flat solid colors only, completely white background, mostly empty space, centered composition, dot eyes, round heads, straight-line stick bodies, basic squares and circles, crude hand-lettered labels, zero shading, zero 3D, zero cinematic lighting. Scene: a stick figure peeking at a door labeled EXIT before stepping through a door labeled ENTER
170	6:19	16:9 widescreen, intentionally bad amateur MS Paint drawing, simple childish stick-figure style, wobbly hand-drawn thick uneven black outlines, flat solid colors only, completely white background, mostly empty space, centered composition, dot eyes, round heads, straight-line stick bodies, basic squares and circles, crude hand-lettered labels, zero shading, zero 3D, zero cinematic lighting. Scene: a tag reading FREE TRIAL with a magnifying glass over it
171	6:20	16:9 widescreen, intentionally bad amateur MS Paint drawing, simple childish stick-figure style, wobbly hand-drawn thick uneven black outlines, flat solid colors only, completely white background, mostly empty space, centered composition, dot eyes, round heads, straight-line stick bodies, basic squares and circles, crude hand-lettered labels, zero shading, zero 3D, zero cinematic lighting. Scene: a pen hovering over a signature line, label SIGN
172	6:22	16:9 widescreen, intentionally bad amateur MS Paint drawing, simple childish stick-figure style, wobbly hand-drawn thick uneven black outlines, flat solid colors only, completely white background, mostly empty space, centered composition, dot eyes, round heads, straight-line stick bodies, basic squares and circles, crude hand-lettered labels, zero shading, zero 3D, zero cinematic lighting. Scene: a search bar box with typed text reading NAME CANCEL and a magnifier
173	6:24	16:9 widescreen, intentionally bad amateur MS Paint drawing, simple childish stick-figure style, wobbly hand-drawn thick uneven black outlines, flat solid colors only, completely white background, mostly empty space, centered composition, dot eyes, round heads, straight-line stick bodies, basic squares and circles, crude hand-lettered labels, zero shading, zero 3D, zero cinematic lighting. Scene: a small staircase with steps numbered 1 2 3
174	6:25	16:9 widescreen, intentionally bad amateur MS Paint drawing, simple childish stick-figure style, wobbly hand-drawn thick uneven black outlines, flat solid colors only, completely white background, mostly empty space, centered composition, dot eyes, round heads, straight-line stick bodies, basic squares and circles, crude hand-lettered labels, zero shading, zero 3D, zero cinematic lighting. Scene: a stick figure reading a page full of little review lines, label EXIT STORIES
175	6:28	16:9 widescreen, intentionally bad amateur MS Paint drawing, simple childish stick-figure style, wobbly hand-drawn thick uneven black outlines, flat solid colors only, completely white background, mostly empty space, centered composition, dot eyes, round heads, straight-line stick bodies, basic squares and circles, crude hand-lettered labels, zero shading, zero 3D, zero cinematic lighting. Scene: a phone showing an app icon with a price tag reading $9
176	6:30	16:9 widescreen, intentionally bad amateur MS Paint drawing, simple childish stick-figure style, wobbly hand-drawn thick uneven black outlines, flat solid colors only, completely white background, mostly empty space, centered composition, dot eyes, round heads, straight-line stick bodies, basic squares and circles, crude hand-lettered labels, zero shading, zero 3D, zero cinematic lighting. Scene: a big contract paper with a price tag reading $90,000
177	6:32	16:9 widescreen, intentionally bad amateur MS Paint drawing, simple childish stick-figure style, wobbly hand-drawn thick uneven black outlines, flat solid colors only, completely white background, mostly empty space, centered composition, dot eyes, round heads, straight-line stick bodies, basic squares and circles, crude hand-lettered labels, zero shading, zero 3D, zero cinematic lighting. Scene: a big equals sign with the word SAME
178	6:33	16:9 widescreen, intentionally bad amateur MS Paint drawing, simple childish stick-figure style, wobbly hand-drawn thick uneven black outlines, flat solid colors only, completely white background, mostly empty space, centered composition, dot eyes, round heads, straight-line stick bodies, basic squares and circles, crude hand-lettered labels, zero shading, zero 3D, zero cinematic lighting. Scene: a single highlighted page labeled CANCEL FLOW
179	6:37	16:9 widescreen, intentionally bad amateur MS Paint drawing, simple childish stick-figure style, wobbly hand-drawn thick uneven black outlines, flat solid colors only, completely white background, mostly empty space, centered composition, dot eyes, round heads, straight-line stick bodies, basic squares and circles, crude hand-lettered labels, zero shading, zero 3D, zero cinematic lighting. Scene: two arrows crashing head on with a jagged burst, label COLLIDE
180	6:40	16:9 widescreen, intentionally bad amateur MS Paint drawing, simple childish stick-figure style, wobbly hand-drawn thick uneven black outlines, flat solid colors only, completely white background, mostly empty space, centered composition, dot eyes, round heads, straight-line stick bodies, basic squares and circles, crude hand-lettered labels, zero shading, zero 3D, zero cinematic lighting. Scene: a crystal ball on a stand, label PREDICTS
181	6:41	16:9 widescreen, intentionally bad amateur MS Paint drawing, simple childish stick-figure style, wobbly hand-drawn thick uneven black outlines, flat solid colors only, completely white background, mostly empty space, centered composition, dot eyes, round heads, straight-line stick bodies, basic squares and circles, crude hand-lettered labels, zero shading, zero 3D, zero cinematic lighting. Scene: a simple headset with a microphone, label SUPPORT
182	6:42	16:9 widescreen, intentionally bad amateur MS Paint drawing, simple childish stick-figure style, wobbly hand-drawn thick uneven black outlines, flat solid colors only, completely white background, mostly empty space, centered composition, dot eyes, round heads, straight-line stick bodies, basic squares and circles, crude hand-lettered labels, zero shading, zero 3D, zero cinematic lighting. Scene: a circular loop arrow, label RENEWAL
183	6:43	16:9 widescreen, intentionally bad amateur MS Paint drawing, simple childish stick-figure style, wobbly hand-drawn thick uneven black outlines, flat solid colors only, completely white background, mostly empty space, centered composition, dot eyes, round heads, straight-line stick bodies, basic squares and circles, crude hand-lettered labels, zero shading, zero 3D, zero cinematic lighting. Scene: a stick figure standing alone by an empty shelf, label NOTHING TO SELL
184	6:46	16:9 widescreen, intentionally bad amateur MS Paint drawing, simple childish stick-figure style, wobbly hand-drawn thick uneven black outlines, flat solid colors only, completely white background, mostly empty space, centered composition, dot eyes, round heads, straight-line stick bodies, basic squares and circles, crude hand-lettered labels, zero shading, zero 3D, zero cinematic lighting. Scene: a product box with a small door labeled EXIT drawn inside it
185	6:48	16:9 widescreen, intentionally bad amateur MS Paint drawing, simple childish stick-figure style, wobbly hand-drawn thick uneven black outlines, flat solid colors only, completely white background, mostly empty space, centered composition, dot eyes, round heads, straight-line stick bodies, basic squares and circles, crude hand-lettered labels, zero shading, zero 3D, zero cinematic lighting. Scene: a hand writing in an open notebook, label NOTE
186	6:49	16:9 widescreen, intentionally bad amateur MS Paint drawing, simple childish stick-figure style, wobbly hand-drawn thick uneven black outlines, flat solid colors only, completely white background, mostly empty space, centered composition, dot eyes, round heads, straight-line stick bodies, basic squares and circles, crude hand-lettered labels, zero shading, zero 3D, zero cinematic lighting. Scene: a numbered list showing 1 2 3, label PRINCIPLES
187	6:51	16:9 widescreen, intentionally bad amateur MS Paint drawing, simple childish stick-figure style, wobbly hand-drawn thick uneven black outlines, flat solid colors only, completely white background, mostly empty space, centered composition, dot eyes, round heads, straight-line stick bodies, basic squares and circles, crude hand-lettered labels, zero shading, zero 3D, zero cinematic lighting. Scene: a stick figure sneaking off holding a paper labeled PRINCIPLE, label STEAL
188	6:53	16:9 widescreen, intentionally bad amateur MS Paint drawing, simple childish stick-figure style, wobbly hand-drawn thick uneven black outlines, flat solid colors only, completely white background, mostly empty space, centered composition, dot eyes, round heads, straight-line stick bodies, basic squares and circles, crude hand-lettered labels, zero shading, zero 3D, zero cinematic lighting. Scene: a big bold number 1 with the word PRINCIPLE
189	6:54	16:9 widescreen, intentionally bad amateur MS Paint drawing, simple childish stick-figure style, wobbly hand-drawn thick uneven black outlines, flat solid colors only, completely white background, mostly empty space, centered composition, dot eyes, round heads, straight-line stick bodies, basic squares and circles, crude hand-lettered labels, zero shading, zero 3D, zero cinematic lighting. Scene: a handshake with text reading AGREED equals COMMITMENT
190	6:57	16:9 widescreen, intentionally bad amateur MS Paint drawing, simple childish stick-figure style, wobbly hand-drawn thick uneven black outlines, flat solid colors only, completely white background, mostly empty space, centered composition, dot eyes, round heads, straight-line stick bodies, basic squares and circles, crude hand-lettered labels, zero shading, zero 3D, zero cinematic lighting. Scene: a magnifying glass finding a warning triangle, text DISCOVER equals WARNING
191	6:59	16:9 widescreen, intentionally bad amateur MS Paint drawing, simple childish stick-figure style, wobbly hand-drawn thick uneven black outlines, flat solid colors only, completely white background, mostly empty space, centered composition, dot eyes, round heads, straight-line stick bodies, basic squares and circles, crude hand-lettered labels, zero shading, zero 3D, zero cinematic lighting. Scene: a warning triangle sign with the word TRAP inside it
192	7:01	16:9 widescreen, intentionally bad amateur MS Paint drawing, simple childish stick-figure style, wobbly hand-drawn thick uneven black outlines, flat solid colors only, completely white background, mostly empty space, centered composition, dot eyes, round heads, straight-line stick bodies, basic squares and circles, crude hand-lettered labels, zero shading, zero 3D, zero cinematic lighting. Scene: a door labeled EXIT with a warning sign reading NO OWNER
193	7:04	16:9 widescreen, intentionally bad amateur MS Paint drawing, simple childish stick-figure style, wobbly hand-drawn thick uneven black outlines, flat solid colors only, completely white background, mostly empty space, centered composition, dot eyes, round heads, straight-line stick bodies, basic squares and circles, crude hand-lettered labels, zero shading, zero 3D, zero cinematic lighting. Scene: a stick figure surrounded by problem marks with nobody helping, label AFTER SALE
194	7:07	16:9 widescreen, intentionally bad amateur MS Paint drawing, simple childish stick-figure style, wobbly hand-drawn thick uneven black outlines, flat solid colors only, completely white background, mostly empty space, centered composition, dot eyes, round heads, straight-line stick bodies, basic squares and circles, crude hand-lettered labels, zero shading, zero 3D, zero cinematic lighting. Scene: a shrugging stick figure between two boxes with question marks
195	7:08	16:9 widescreen, intentionally bad amateur MS Paint drawing, simple childish stick-figure style, wobbly hand-drawn thick uneven black outlines, flat solid colors only, completely white background, mostly empty space, centered composition, dot eyes, round heads, straight-line stick bodies, basic squares and circles, crude hand-lettered labels, zero shading, zero 3D, zero cinematic lighting. Scene: a stick figure with a lightbulb above its head and a saved coin, label LEARNED
196	7:11	16:9 widescreen, intentionally bad amateur MS Paint drawing, simple childish stick-figure style, wobbly hand-drawn thick uneven black outlines, flat solid colors only, completely white background, mostly empty space, centered composition, dot eyes, round heads, straight-line stick bodies, basic squares and circles, crude hand-lettered labels, zero shading, zero 3D, zero cinematic lighting. Scene: a framed poster hanging on a wall, label POSTER
197	7:14	16:9 widescreen, intentionally bad amateur MS Paint drawing, simple childish stick-figure style, wobbly hand-drawn thick uneven black outlines, flat solid colors only, completely white background, mostly empty space, centered composition, dot eyes, round heads, straight-line stick bodies, basic squares and circles, crude hand-lettered labels, zero shading, zero 3D, zero cinematic lighting. Scene: a handshake with a sign reading AGREED UP FRONT
198	7:17	16:9 widescreen, intentionally bad amateur MS Paint drawing, simple childish stick-figure style, wobbly hand-drawn thick uneven black outlines, flat solid colors only, completely white background, mostly empty space, centered composition, dot eyes, round heads, straight-line stick bodies, basic squares and circles, crude hand-lettered labels, zero shading, zero 3D, zero cinematic lighting. Scene: little flag milestones tied together with a rope
199	7:18	16:9 widescreen, intentionally bad amateur MS Paint drawing, simple childish stick-figure style, wobbly hand-drawn thick uneven black outlines, flat solid colors only, completely white background, mostly empty space, centered composition, dot eyes, round heads, straight-line stick bodies, basic squares and circles, crude hand-lettered labels, zero shading, zero 3D, zero cinematic lighting. Scene: an hourglass running out beside a gift box labeled VALUE
200	7:21	16:9 widescreen, intentionally bad amateur MS Paint drawing, simple childish stick-figure style, wobbly hand-drawn thick uneven black outlines, flat solid colors only, completely white background, mostly empty space, centered composition, dot eyes, round heads, straight-line stick bodies, basic squares and circles, crude hand-lettered labels, zero shading, zero 3D, zero cinematic lighting. Scene: a stick figure with a tag reading SELLER watching a screen
201	7:22	16:9 widescreen, intentionally bad amateur MS Paint drawing, simple childish stick-figure style, wobbly hand-drawn thick uneven black outlines, flat solid colors only, completely white background, mostly empty space, centered composition, dot eyes, round heads, straight-line stick bodies, basic squares and circles, crude hand-lettered labels, zero shading, zero 3D, zero cinematic lighting. Scene: a stick figure stuck in a box, label NOT SAVED
202	7:25	16:9 widescreen, intentionally bad amateur MS Paint drawing, simple childish stick-figure style, wobbly hand-drawn thick uneven black outlines, flat solid colors only, completely white background, mostly empty space, centered composition, dot eyes, round heads, straight-line stick bodies, basic squares and circles, crude hand-lettered labels, zero shading, zero 3D, zero cinematic lighting. Scene: a calendar with a forward arrow, label CHURN LATER
203	7:26	16:9 widescreen, intentionally bad amateur MS Paint drawing, simple childish stick-figure style, wobbly hand-drawn thick uneven black outlines, flat solid colors only, completely white background, mostly empty space, centered composition, dot eyes, round heads, straight-line stick bodies, basic squares and circles, crude hand-lettered labels, zero shading, zero 3D, zero cinematic lighting. Scene: a steeply rising arrow with a plus sign, label INTEREST
204	7:28	16:9 widescreen, intentionally bad amateur MS Paint drawing, simple childish stick-figure style, wobbly hand-drawn thick uneven black outlines, flat solid colors only, completely white background, mostly empty space, centered composition, dot eyes, round heads, straight-line stick bodies, basic squares and circles, crude hand-lettered labels, zero shading, zero 3D, zero cinematic lighting. Scene: an angry stick figure returning with a U-turn arrow, label ANGRIER
205	7:29	16:9 widescreen, intentionally bad amateur MS Paint drawing, simple childish stick-figure style, wobbly hand-drawn thick uneven black outlines, flat solid colors only, completely white background, mostly empty space, centered composition, dot eyes, round heads, straight-line stick bodies, basic squares and circles, crude hand-lettered labels, zero shading, zero 3D, zero cinematic lighting. Scene: a big megaphone with sound lines, label LOUDER
206	7:29b	16:9 widescreen, intentionally bad amateur MS Paint drawing, simple childish stick-figure style, wobbly hand-drawn thick uneven black outlines, flat solid colors only, completely white background, mostly empty space, centered composition, dot eyes, round heads, straight-line stick bodies, basic squares and circles, crude hand-lettered labels, zero shading, zero 3D, zero cinematic lighting. Scene: one stick figure in front of a large crowd of stick figures, label AUDIENCE
207	7:31	16:9 widescreen, intentionally bad amateur MS Paint drawing, simple childish stick-figure style, wobbly hand-drawn thick uneven black outlines, flat solid colors only, completely white background, mostly empty space, centered composition, dot eyes, round heads, straight-line stick bodies, basic squares and circles, crude hand-lettered labels, zero shading, zero 3D, zero cinematic lighting. Scene: a phone with a SIGN UP button and a small clock reading 30s
208	7:34	16:9 widescreen, intentionally bad amateur MS Paint drawing, simple childish stick-figure style, wobbly hand-drawn thick uneven black outlines, flat solid colors only, completely white background, mostly empty space, centered composition, dot eyes, round heads, straight-line stick bodies, basic squares and circles, crude hand-lettered labels, zero shading, zero 3D, zero cinematic lighting. Scene: a clock with a plus one minute mark, label PLUS 1 MIN
209	7:37	16:9 widescreen, intentionally bad amateur MS Paint drawing, simple childish stick-figure style, wobbly hand-drawn thick uneven black outlines, flat solid colors only, completely white background, mostly empty space, centered composition, dot eyes, round heads, straight-line stick bodies, basic squares and circles, crude hand-lettered labels, zero shading, zero 3D, zero cinematic lighting. Scene: a stick figure inspecting a door labeled EXIT with a magnifying glass
210	7:38	16:9 widescreen, intentionally bad amateur MS Paint drawing, simple childish stick-figure style, wobbly hand-drawn thick uneven black outlines, flat solid colors only, completely white background, mostly empty space, centered composition, dot eyes, round heads, straight-line stick bodies, basic squares and circles, crude hand-lettered labels, zero shading, zero 3D, zero cinematic lighting. Scene: a big door labeled EXIT next to a small page labeled SALES
211	7:41	16:9 widescreen, intentionally bad amateur MS Paint drawing, simple childish stick-figure style, wobbly hand-drawn thick uneven black outlines, flat solid colors only, completely white background, mostly empty space, centered composition, dot eyes, round heads, straight-line stick bodies, basic squares and circles, crude hand-lettered labels, zero shading, zero 3D, zero cinematic lighting. Scene: a film clapperboard with text reading NEXT EPISODE
212	7:42	16:9 widescreen, intentionally bad amateur MS Paint drawing, simple childish stick-figure style, wobbly hand-drawn thick uneven black outlines, flat solid colors only, completely white background, mostly empty space, centered composition, dot eyes, round heads, straight-line stick bodies, basic squares and circles, crude hand-lettered labels, zero shading, zero 3D, zero cinematic lighting. Scene: a countdown timer clock with a long lying nose, label LIES
213	7:45	16:9 widescreen, intentionally bad amateur MS Paint drawing, simple childish stick-figure style, wobbly hand-drawn thick uneven black outlines, flat solid colors only, completely white background, mostly empty space, centered composition, dot eyes, round heads, straight-line stick bodies, basic squares and circles, crude hand-lettered labels, zero shading, zero 3D, zero cinematic lighting. Scene: a hotel sign reading 2 ROOMS LEFT
214	7:47	16:9 widescreen, intentionally bad amateur MS Paint drawing, simple childish stick-figure style, wobbly hand-drawn thick uneven black outlines, flat solid colors only, completely white background, mostly empty space, centered composition, dot eyes, round heads, straight-line stick bodies, basic squares and circles, crude hand-lettered labels, zero shading, zero 3D, zero cinematic lighting. Scene: a clock showing midnight with a sign reading DEAL ENDS
215	7:49	16:9 widescreen, intentionally bad amateur MS Paint drawing, simple childish stick-figure style, wobbly hand-drawn thick uneven black outlines, flat solid colors only, completely white background, mostly empty space, centered composition, dot eyes, round heads, straight-line stick bodies, basic squares and circles, crude hand-lettered labels, zero shading, zero 3D, zero cinematic lighting. Scene: four boxes labeled Q1 Q2 Q3 Q4 each with a DISCOUNT tag
216	7:52	16:9 widescreen, intentionally bad amateur MS Paint drawing, simple childish stick-figure style, wobbly hand-drawn thick uneven black outlines, flat solid colors only, completely white background, mostly empty space, centered composition, dot eyes, round heads, straight-line stick bodies, basic squares and circles, crude hand-lettered labels, zero shading, zero 3D, zero cinematic lighting. Scene: a factory building with a conveyor belt producing signs reading SCARCITY
217	7:56	16:9 widescreen, intentionally bad amateur MS Paint drawing, simple childish stick-figure style, wobbly hand-drawn thick uneven black outlines, flat solid colors only, completely white background, mostly empty space, centered composition, dot eyes, round heads, straight-line stick bodies, basic squares and circles, crude hand-lettered labels, zero shading, zero 3D, zero cinematic lighting. Scene: a big bold number 2 with the word PRINCIPLE
218	7:58	16:9 widescreen, intentionally bad amateur MS Paint drawing, simple childish stick-figure style, wobbly hand-drawn thick uneven black outlines, flat solid colors only, completely white background, mostly empty space, centered composition, dot eyes, round heads, straight-line stick bodies, basic squares and circles, crude hand-lettered labels, zero shading, zero 3D, zero cinematic lighting. Scene: a big button reading SUBSCRIBE next to a row of collectible cards
219	8:01	16:9 widescreen, intentionally bad amateur MS Paint drawing, simple childish stick-figure style, wobbly hand-drawn thick uneven black outlines, flat solid colors only, completely white background, mostly empty space, centered composition, dot eyes, round heads, straight-line stick bodies, basic squares and circles, crude hand-lettered labels, zero shading, zero 3D, zero cinematic lighting. Scene: a comment box with a text cursor, label WORST FLOW
220	8:05	16:9 widescreen, intentionally bad amateur MS Paint drawing, simple childish stick-figure style, wobbly hand-drawn thick uneven black outlines, flat solid colors only, completely white background, mostly empty space, centered composition, dot eyes, round heads, straight-line stick bodies, basic squares and circles, crude hand-lettered labels, zero shading, zero 3D, zero cinematic lighting. Scene: a stick figure tearing a page in half, label TEARDOWN
